{
    "indexCitys": {
        "pos": [{
            "id": "110100",
            "name": "北京"
        }],
        "hot": [
            {
                "id": "110100",
                "name": "北京"
            },
            {
                "id": "120100",
                "name": "天津"
            },
            {
                "id": "310100",
                "name": "上海"
            },
            {
                "id": "320100",
                "name": "南京"
            },
            {
                "id": "320500",
                "name": "苏州"
            },
            {
                "id": "330100",
                "name": "杭州"
            },
            {
                "id": "440300",
                "name": "深圳"
            },
            {
                "id": "610100",
                "name": "西安"
            }
        ],
        "A": [
            {
                "id": "A110101",
                "name": "阿坝"
            },
            {
                "id": "A110102",
                "name": "阿拉善"
            },
            {
                "id": "A110103",
                "name": "阿里"
            },
            {
                "id": "A110104",
                "name": "安康"
            },
            {
                "id": "A110105",
                "name": "鞍山"
            }
    ],
    "B": [
        {
            "id": "110100",
            "name": "北京"
        },
        {
            "id": "B120101",
            "name": "保定"
        },
        {
            "id": "B120102",
            "name": "宝鸡"
        },
        {
            "id": "B120103",
            "name": "保山"
        },
        {
            "id": "B120104",
            "name": "包头"
        },
        {
            "id": "B120105",
            "name": "北海"
        }
    ],
    "C": [
        {
            "id": "C130109",
            "name": "C北京"
        },
        {
            "id": "C130101",
            "name": "C保定"
        },
        {
            "id": "C130102",
            "name": "C宝鸡"
        },
        {
            "id": "C130103",
            "name": "C保山"
        },
        {
            "id": "C130104",
            "name": "C包头"
        },
        {
            "id": "C130105",
            "name": "C北海"
        }
    ],
    "D": [
        {
            "id": "D140100",
            "name": "D北京"
        },
        {
            "id": "D140101",
            "name": "D保定"
        },
        {
            "id": "D140102",
            "name": "D宝鸡"
        },
        {
            "id": "D140103",
            "name": "D保山"
        },
        {
            "id": "D140104",
            "name": "D包头"
        },
        {
            "id": "D140105",
            "name": "D北海"
        }
    ],
    "E": [
        {
            "id": "E150100",
            "name": "E北京"
        },
        {
            "id": "E150101",
            "name": "E保定"
        },
        {
            "id": "E150102",
            "name": "E宝鸡"
        },
        {
            "id": "E150103",
            "name": "E保山"
        },
        {
            "id": "E150104",
            "name": "E包头"
        },
        {
            "id": "E150105",
            "name": "E北海"
        }
    ],
    "G": [
            {
                "id": "G160100",
                "name": "G北京"
            },
            {
                "id": "G160101",
                "name": "G天津"
            },
            {
                "id": "G360100",
                "name": "G上海"
            }
        ],
        "F": [
            {
                "id": "F170100",
                "name": "F北京"
            },
            {
                "id": "F170101",
                "name": "F天津"
            },
            {
                "id": "F370100",
                "name": "F上海"
            },
            {
                "id": "F370101",
                "name": "F南京"
            },
            {
                "id": "F320500",
                "name": "F苏州"
            },
            {
                "id": "F330100",
                "name": "F杭州"
            },
            {
                "id": "F440300",
                "name": "F深圳"
            },
            {
                "id": "F610100",
                "name": "F西安"
            }
        ],
        "H": [
            {
                "id": "330100",
                "name": "杭州"
            },
            {
                "id": "H160100",
                "name": "H天津"
            },
            {
                "id": "H360100",
                "name": "H上海"
            }
        ]
    }
}